id;GPS_Lat;GPS_Lon;Temperatura_C;Vlaznost_Tla;Detekcija_Metana_ppm
1;18,603446000807228;226,06723591441542;-22,477006379454245;12,725457527026371;0,2910980269403133
2;18,647672246762152;226,4640346422395;-39,88726693342126;33,78945376579421;0,5804357112741585
3;18,91403771603036;225,87024995139794;-59,95396029536802;17,889191880624047;0,48756010675911754
4;19,073237052767013;225,7916656250108;-11,79830707474595;8,716588511756754;1,3693975197751678
5;19,006266612906952;226,61788162020588;-31,866586535778666;26,394801672850186;0,3794782793985002
6;18,348554483467204;225,8977603852519;-19,55541218270968;41,71596463601173;0,6560512877755986
7;18,488551148584108;226,4858132857105;-19,915694930962424;27,45023931481445;1,2200200741012492
8;18,976004200986896;226,02239193142123;-34,92790129681295;33,20576501383142;0,48687960869212976
9;19,148850087836564;225,96731369051975;-66,84384475009814;25,99153081067157;1,1279339971089128
10;18,78415948387391;226,30137887430863;-78,04540770176196;18,734698971400658;0,34442094360966735
11;18,94983002250597;226,2877474892785;-76,15423514915877;18,9910533159346;0,6538836501544725
12;18,326522614263027;226,38385321134697;-22,8073753706147;16,20483189021986;0,9095230918061996
13;18,286706195098073;226,10914992948932;-8,061857247355178;27,270299703232716;1,3983420355109313
14;18,852279669643845;226,4470993886921;-77,39623692410672;19,3882263799649;0,4333422341456701
15;18,700227969009187;226,22305118668902;-27,678301452935607;12,750792775037212;0,22034964226428477
16;18,24362602971406;226,1056649810067;-2,6516134528464903;5,956535646285912;0,3078487039606159
17;18,578170808965954;225,88422639749925;-47,83276500460112;7,254139998702686;0,9973045740057064
18;18,281107508467674;226,46623458840085;2,055606064582605;15,115315042787259;0,41561886422684313
19;19,09722359427091;226,55695940744496;-25,89093600141127;22,220312338285915;0,7457526301654742
20;19,02861660858494;225,89758170814022;-32,00378809220201;16,804685806543194;1,0097141437122985
21;18,95651803508745;226,26738693075245;6,29853331250861;27,026421510968895;1,2581016169431898
22;18,80000489840872;226,32240093757468;-33,78488962887893;34,32213617669456;1,4211230726700572
23;18,259245082274717;225,957823357775;6,583259323223004;31,254714854034003;0,6618302147437171
24;18,54294155731277;225,8195121001751;-61,43741546935881;15,966532041478889;1,392549276622614
25;18,42262282498588;226,01697872262733;-53,765002590187954;3,228463480301942;1,1588069413842805
26;18,79859573994593;226,45673996289045;-3,7610370447284254;12,266744405912483;0,9508970011097378
27;18,77660421193356;226,1047165331998;-13,039565384567283;12,0957804247117;32,61489686646175
28;18,47267275158427;226,1807768310998;-1,2903034525668176;32,12557959508599;0,24960043880443603
29;18,919411041437172;225,9303968544647;-79,17797440459987;3,2240520040659866;22,822722744660865
30;18,612342405534996;226,61210707354965;8,094802066623885;16,357419274849082;1,3743264258755288
31;18,690417638799538;226,13753317030708;-14,00731985909377;29,401414062521425;0,36511169109735364
32;18,987441877851452;226,02808316270136;-14,263223464986169;44,58145495642626;0,8268144344326988
33;18,427940983011002;226,1522619502885;-52,70695566867607;30,80885176124655;0,5968278783038662
34;18,874955245931492;226,69694887142043;-18,15292968102691;11,247421262933702;0,9557452684544453
35;18,63374059351851;226,10155371913086;-73,55463362204745;21,289774845631626;0,2505144869842727
36;18,20692006150533;226,48490187404792;-53,15370936949995;34,84902878700889;0,13313049820185457
37;18,238304561333813;226,69719580238956;-8,520457422740265;2,8015454650577762;0,4482403420869068
38;18,253103019912963;226,33328541610473;-75,4834673410745;33,153675628330426;1,0009359777524574
39;19,13526670939117;226,57065281084127;-43,54758478430565;6,636472965021381;0,7460020046220721
40;18,221093256245236;226,16112171473068;-41,50299860414718;16,968030247132074;0,6601308031052346
41;18,681542414523648;226,18277828882137;-42,36894565807947;9,124387945752114;0,6477630417823254
42;18,595982515743042;225,84762289268073;-14,126557232417625;40,39000719596237;1,369611699844098
43;18,785869160289764;226,45358392377207;-73,01063552939115;42,55634052583351;0,11600692442881949
44;19,069812037282382;226,0300259589063;-61,43637931691377;16,978288813685708;0,21306165032489585
45;18,34026406633137;226,628554542383;-11,126612343263275;1,7094382926515372;0,26412526001292025
46;18,621715187984748;226,2326546378831;6,28607175045191;21,69139542788698;1,1641244894165825
47;18,504968436467472;226,28667995880036;-19,293830026142487;21,354262016936865;1,1124691612461421
48;18,18653806598817;226,55204696208642;-40,359455348128975;17,904556800896078;1,2481583878347002
49;18,96158947714175;226,58502227432652;3,8203060694653033;9,651769185397507;1,3183882405952208
50;19,109441020873884;226,01569991587613;-56,80249619369687;1,1156507877955684;0,3426266553592896
51;18,500218836602194;226,48281661140044;-78,35312672775613;10,61835530598534;0,4243527207870701
52;18,315965649321132;226,579996073069;-7,700447901093028;0,8152856089103155;0,6511046671470387
53;18,425171597040816;226,22249640759003;-32,50525047198892;2,97047764967522;0,7831337518768241
54;18,297056044294848;226,41355528375556;-75,05308356981868;21,382861254318993;0,3255975767891407
55;18,860106390354566;226,68610457220154;-23,046162629378586;20,966281796516554;1,0125895853063362
56;18,873446076948863;226,50766854204164;-76,11270766182602;17,854122775869943;0,9901011479817009
57;19,13796663010765;226,64920414672395;-9,450710135961756;41,01898149019461;0,2835198603309109
58;18,304181872894947;226,6962692613754;-33,37396664376014;39,2161144643238;0,6025473708261321
59;18,89813057337015;226,48206176555908;-5,556846175233389;43,390248492306746;1,395144205255954
60;18,41505803648422;226,11559386644637;-50,655633483261155;27,215634346269606;1,4585721546202453
61;19,04093678687384;226,0324789653341;-79,02347649035266;5,940208085635103;1,222120756759924
62;18,87910940959804;225,70885343558604;-51,7617925717285;4,953032123871452;1,0198726737021802
63;18,438961712257466;225,7393239957168;-78,57405061677298;35,561728651763666;0,15228384533383427
64;19,090941968135674;226,6285608219185;-9,404329345376325;6,801053096435743;0,3738744800425233
65;19,080256806995916;225,83751748439184;-13,047797944718482;17,26360646422271;0,8618360538775044
66;18,777641056682693;226,48971756629672;-6,2731935326845445;44,88630726787089;0,4900711841236641
67;18,71345753306305;225,78618456712974;2,1360579757763816;39,627920177980926;1,1482795934927204
68;18,206390072637365;226,27364327652828;-43,53374453636389;35,530047631192105;0,6644225428746885
69;18,861624811904566;225,70938477158313;-7,781166673193155;4,719555713930687;1,091539166878645
70;18,55870427405792;226,04282339742406;-27,351941633377514;0,520614997727708;1,0507281439537248
71;18,268430029608595;226,50837204388932;-22,914437830318988;7,690426048808671;0,3587079547445957
72;19,088339297082015;226,43685125466519;-40,389083081997526;25,38888067350728;0,3077618048044027
73;18,798701589788752;225,96903277907754;-57,55405093363558;33,98663738239182;47,70791417438581
74;18,921341104054072;226,22693266957336;-25,07758582094055;38,093931420973036;0,27123457085652547
75;18,832088338282013;226,3753551815251;-29,30456801694683;10,136578954044031;0,2751905944831785
76;18,878672242936815;226,1691366121677;-78,52644028735718;27,189073920362354;0,7895413637011839
77;18,479496860234025;225,77517217422772;-13,255766084450073;20,838515883249297;1,3203213121351403
78;18,159749634854613;225,87892432172256;-52,20428901985548;33,428325931748404;0,4768581469902
79;18,900931774971692;226,12311681612178;-41,15114341706216;40,12696382720156;0,934984248957352
80;18,432752000705015;225,7880941911004;-38,51888835609558;35,94473061997992;0,5779399491430717
81;18,37298578180405;226,38847782949426;-20,04800530641627;43,618026576805185;0,5437415174644631
82;18,94820255953241;225,77067037354772;-54,22821552166677;3,5585850716939653;0,4686552076633884
83;18,627115117895695;226,46604663793764;-44,66674741662027;33,25818609415479;0,5507228622124137
84;18,344072850385572;226,09461468020572;-0,31511768118964767;28,399339289511847;0,8338080937361187
85;18,496658220865033;226,68160666187322;-66,19811408219908;37,55984936487173;0,17492718874636998
86;18,44329961428229;226,6964002923112;-72,85684269244832;34,34092786588923;0,6955028328140472
87;18,46352958854093;226,29949335053965;-44,726472773775335;38,14769837001944;0,6438122025006529
88;19,01211126841114;225,91019657241395;-7,047730194565446;19,898982427180798;1,328755685241835
89;18,20984206735489;226,31304915949212;-78,94787994435545;1,4057736752841348;1,2170946989826705
90;18,42387786499363;226,35166605578866;-28,20090057041302;26,636161271534803;1,396150522539682
91;18,98838981168696;226,3038554182304;8,998071630603505;11,896301869445141;1,3000916053909102
92;18,80926202258547;226,14513778279888;-21,686765772809323;44,418282075972;21,31574579230346
93;18,288960513267675;226,6755926057335;-43,85208638350339;18,198002140424702;1,0400130960833782
94;19,02708080097666;226,20013864038344;2,423104521103639;28,334698964504366;0,2463110319815427
95;19,0147345895914;226,69858632255313;-18,47218164495643;27,395574052972545;1,3517848158312729
96;18,25553735437661;225,8394249374871;-45,237244765741416;12,121090840165385;0,8600281884525033
97;18,918907112765638;225,73703862947875;-41,97702705690461;23,011864496403128;0,3048440984814844
98;18,292177921295103;226,18879547847266;-58,819595336102545;29,451838555453314;1,1024436782820102
99;18,42113235533026;226,349929008001;-42,354337902046616;13,300030778843885;0,46851463908798097
100;18,430212399005757;226,29371464016498;-12,63312323285544;15,827406070697197;1,3269536794516008
101;19,015603216221233;226,59249262910433;-79,95863294350006;37,93602782692441;0,7962053691819755
102;18,86042550067416;225,858132993479;-51,43840675716555;9,453057978863423;0,566322536501883
103;18,37601350903778;225,84478502470876;-70,33137292835103;25,085480639500133;0,682469534295714
104;18,88233407211797;225,77937450290997;-31,645289463018806;25,38208062920139;1,4870587348018138
105;19,050433625288704;225,87465643715132;-30,868771163102984;1,9750117285945894;0,14718389874710175
106;18,61416411469203;226,42123713874025;-4,431946884125068;12,005223400333453;0,12053747643712397
107;18,387545431331883;226,31420678016346;-27,81966563038705;27,377848624830044;0,6246676187293387
108;18,764776989188604;226,43010613412983;-77,0286751065901;2,8601287335511056;0,12157927482883855
109;18,984775968687163;225,9907500947845;-0,5453115949987648;4,833706371401628;0,20665885013948485
110;18,23682415143732;226,29525913736128;-68,77555094411302;14,859735266993342;0,4248593553801956
111;18,48638149943635;226,13072855312157;0,09511778609633836;14,831123722128702;1,0715339769888081
112;18,377974452680064;226,192166084845;-64,20946810628604;38,80174731289823;0,9486040424610108
113;18,81772912373833;225,7406974117733;-67,83142245250255;25,77852798785072;0,7175729110444982
114;18,395943973223183;225,915309520168;-22,643395982753;8,815688128871374;0,35452125384137434
115;18,781049384095514;226,53640821729542;-31,204593727946822;29,464187410988703;1,2949416766318693
116;18,28152822237192;225,94676055574158;7,318453945573282;22,069741286368323;0,5305204198497556
117;19,02826478499429;226,56838153565315;-0,47150958551898725;22,283298803966247;1,385378241307609
118;19,04562064490905;225,7074856329711;-67,4543884465246;34,65820221372294;1,1537076903141705
119;19,0802768358838;226,39982959872154;-22,934572535714906;1,1724643300774018;0,9753939589375622
120;18,324960721979686;226,22089882016164;-22,045269911037913;34,42339152859048;0,46758413213187466
121;19,04658454452204;226,0647856366668;0,47471839396429516;0,5275838008876377;0,6672626696744303
122;18,354373776520223;225,87800948819302;-36,69597397876046;28,250990161055274;1,494288874681807
123;18,894740679407494;226,5414382924819;-58,9243219991336;14,45499329262905;0,41480506177652643
124;18,49381969577117;226,0842281508937;-48,865316350133874;38,89045295089415;0,7967935735245503
125;18,178882768449323;226,08785073629014;-53,475440222289194;32,75353083173353;0,8710149432381458
126;18,27841737691849;226,61777403588394;-56,489776410814514;29,640095913985082;0,35408339659403854
127;18,653263796143953;226,68368894632673;-22,407654927464918;37,884754175060145;1,352314552785158
128;18,663741307886458;225,76417735529162;-62,60583685580934;8,973314004480388;0,41950805893579124
129;18,943259633269594;226,00611913536622;8,673217032785303;23,81181953970613;23,68887175681241
130;18,171383624403965;225,81371327386057;-58,98578223677249;9,830462080665905;0,7772755240776685
131;18,778644400146668;225,84347446671072;-15,304600035952092;10,595689024585393;1,44211881841634
132;19,130934005362658;226,00461492667637;-30,863707622143245;4,599788694639276;1,2903757747948772
133;18,744222079279062;225,8336330738248;3,650618346649267;41,13534181152737;1,1833951460153223
134;19,013331267799558;225,90044974755787;-12,204665851397294;12,088465432338953;0,2642863620116144
135;18,995883674513955;226,62320671111257;-2,599676604180644;21,190555913627147;1,0618954155122289
136;18,445713150023327;226,60456694905264;-26,15094628782272;35,15154085631426;0,2097621930781412
137;18,840584671786015;225,95205183571562;-43,82953976784466;5,15038721026712;40,645822876845415
138;18,204313559890608;226,25193288296455;-7,5943677764727795;7,815682838245081;0,4958772949906699
139;19,037556444579142;226,55400860639148;-8,700576470575186;37,95523232269515;0,47432561448683075
140;18,51310993335998;226,69401685181757;-21,951694428039865;31,272316647699256;0,14130731678890252
141;19,116071477961867;226,1037412354327;-43,46172536048207;43,718109863942246;0,244523269741545
142;18,883851411506797;226,36265650543996;-52,906925023771635;29,218247073839024;0,6961214499164269
143;18,18977022472629;226,03947623372426;-38,65678820961374;1,7272855819902189;0,25609039067681677
144;18,47976223035861;226,15285107469305;-51,969101306568945;26,05682238827759;0,9684133167240908
145;18,750391252874675;226,0085483738975;-64,70302631211092;35,20991759454814;47,230242774890996
146;18,35138716922868;226,0689869513605;-33,83135372197931;30,1675352941661;1,2142134424152489
147;18,4019174753232;226,16274973396352;-73,76954152124507;39,18258275907442;0,46339879002829465
148;18,83837382440077;226,105362625536;-36,655560175404545;6,738769707658102;31,133405698937352
149;19,113630512372833;226,00662412700706;-8,443575502982597;22,2272491857106;0,39901490674844775
150;18,539125973566513;225,72862064136908;-4,884070137079291;33,410448801174056;0,26119129775606104
151;18,554088552304602;225,81168177500854;-33,106064319592946;11,947747403334102;0,5353120406751971
152;18,55601255556538;226,0119996676875;-58,38986794988796;31,264455267125697;1,2888055253251902
153;18,24340043843883;225,93689895481768;-56,36143521746216;38,136779688455135;0,5699838755110015
154;19,016866605936993;225,75612713470306;-42,22093946931821;16,063887979805294;0,7431792886206036
155;18,18797776537826;226,39498388728626;-0,8959581262364367;5,251167865832388;1,350220990169088
156;18,6946832876083;226,1316566985932;-76,73124482244505;2,653668020958434;0,7075143308941394
157;19,074964508558427;226,51675485916718;-63,46033695778323;16,474220228917886;1,415389653380601
158;18,369066833894976;225,75197579124682;-73,92888787534456;4,917987246314997;0,5555190514209519
159;18,454671261647082;225,82624365216802;-58,984296315283515;5,66068616826681;0,3344723468876837
160;18,989996595036754;226,50252284417775;-34,75350862538237;26,53232207709178;1,3919423720295636
161;18,2035421574766;226,3200259287461;-48,44434660782166;27,875755661407414;1,1011508375066388
162;18,824029012995034;226,64095864593054;6,5840880789163805;40,91814517421661;0,8554478372651813
163;18,450428955547444;225,71328835073243;-12,043023703300022;15,499015129367303;0,8765653990683752
164;18,900057910444072;225,82812029032806;8,134591577270953;29,571570668315662;0,22864681880800813
165;18,684676944547558;226,22961232938266;-77,53223104316416;32,62420889709309;0,9022296424531634
166;18,85544989844296;226,1876796362725;-43,299257754118294;32,00170133409209;1,253566769258098
167;18,79163846062921;226,01447922737466;-34,582449645943505;22,548849558220837;55,91936428578484
168;18,73201795408131;226,24348800024413;-66,46879167015267;35,235115164323176;1,265244066880688
169;18,927166422690966;226,47691056426677;7,375754578970771;5,217962391365015;0,3877960824918669
170;18,91413677944928;226,59611374809992;-10,596656197658461;13,483158692957401;0,2809313342624413
171;18,912554451591372;226,54844466633384;-75,42236315840746;28,273662512928162;0,21202475236078117
172;18,42973071829889;225,9089375803538;-42,046176217035;37,86625907679457;0,8073097037796282
173;18,87254572449373;226,43030632968916;-6,061553737482541;33,03066652586325;0,5177963255479816
174;18,18165879392393;226,4308759954247;-22,2932174756559;30,281175401644436;1,1939537753547191
175;19,126298833313893;226,2826402919617;-11,912671369653424;34,35173874892504;0,2525826233173496
176;19,047978288684806;226,58969955598945;-35,950666513891754;0,44037853463218424;0,32077239036531824
177;18,310673134469496;225,77401621985828;-30,15883279636555;5,83753165733102;0,5407363387445229
178;18,264951818913154;225,76994999098514;-8,650926734744857;22,862446150843223;0,8637929252508088
179;18,44959015936201;225,99924171241517;-58,860259039884866;1,2461361764639045;0,8074570286785202
180;18,651124394289585;226,45157116675264;-66,03798267655006;37,26972933354354;1,0859342998636936
181;18,190092539498362;226,31361111336992;-18,46404690218666;38,37748580602828;0,5584810361227077
182;18,57663219593224;225,91577208694014;-19,954018298538735;39,7624130465683;1,1658318477102232
183;18,221240766868764;226,2673051390297;-77,01101396299501;20,196181982131254;1,266523186721255
184;18,175406257393515;225,80577896374055;0,06370682296311259;6,493694994831136;0,3446002544188709
185;18,746631566287643;226,23032439879393;-32,59096910927968;28,467664323751983;0,6947300813668114
186;18,52471757212549;226,5968902942554;-32,56820600571143;16,609831329433575;0,7373101415838222
187;18,356988332563493;226,22619848381072;-39,56300142354387;22,593440145620384;0,37842718820959753
188;18,460793729325232;226,42159803759006;-77,641023891234;3,87740664198388;0,21893671313418536
189;18,190040918847764;226,31120002011357;-34,155260005717295;35,340116633774386;1,2000016522071852
190;18,762065560963915;226,69495435689313;-5,932650749750138;27,44122879831253;1,30923672177791
191;18,59333760800216;226,60523807498168;-40,43958103003049;27,349797374883966;0,27937419694578003
192;18,849467700286624;226,228187954075;-38,027492505776365;11,094060607901804;1,4537918420095226
193;18,35135701869626;225,92687205737113;-47,663626793301525;0,44575815294048027;1,4754606250378017
194;18,450135952189196;226,36033694016623;-73,70781039505549;30,203463338804866;1,384537695937519
195;19,06084220150458;226,46203959324345;-39,38849873253143;44,17986607451341;1,1575388377322857
196;19,03020467623103;226,27645807350652;-42,940313931875735;9,683144858407985;1,2732912325421335
197;18,83048728186275;226,6783470656473;-28,026088299815555;36,09245931774131;0,6487903909998256
198;18,46357645960932;226,20839698618317;-73,31527006736455;44,32414582534216;0,8650748264239038
199;18,30692966226109;225,89297874370902;-64,62627688439025;43,25297587531154;0,5826164467444692
200;19,138218486377113;226,1989737387096;-45,24312066842642;7,842093811038688;1,1006458371171017
201;19,054190694304957;225,7889016339731;-27,262116427613947;19,55405035950757;0,4331098033978247
202;18,266936965691695;226,3565773951361;4,387455674175854;14,969714502057437;0,4394120391974853
203;18,65223579823814;226,44903037446716;2,0742061708932766;22,04413811921437;0,4379700179644549
204;18,197777555434214;226,5581357936519;-10,91662297531039;35,00708770617305;0,502572096656019
205;19,00524982819675;226,27170849316022;-75,06980618478086;17,257403134600075;1,1820044949488668
206;18,407664226001817;226,52008072797608;-6,202812593209941;44,83090543242166;1,4256955634166992
207;18,197933153551187;225,71820876947493;-1,5843877771239505;29,96085769143284;1,1135353663139986
208;18,802535918049273;226,69217581335056;-15,744465906380455;37,9840495894733;0,6110262413354902
209;18,966746902283745;225,7558323209221;-1,3108710552525054;17,965964371506196;1,1349954376099167
210;18,43650836717368;225,73413381618388;-42,07304017803981;29,945744603610496;1,0114847159103764
211;18,931597526533192;225,87279539648043;-29,045635134855402;17,64687658731998;1,4129154390111252
212;18,256785697709997;226,40369751313946;-47,1504329067905;0,2140046072024676;0,7292241962521913
213;18,890112608635953;226,14002866480502;-74,79529054463511;36,191101241866306;0,7565691908407761
214;18,6147575083772;226,49783145478398;-44,706988046310634;14,31163791806596;0,22513756144030705
215;18,58094213564286;226,06026061619926;-53,55770770219648;21,98183287256811;1,1949802773444451
216;18,67864548716036;225,8920802518156;-6,708042485511612;31,635685039646003;0,2958002300410708
217;18,162434858609902;226,6115306113157;-67,21625058629323;6,315650836475022;0,5443687911332901
218;18,537032429871655;225,8191765560489;-24,417880478081045;36,156366303080134;1,2740518572405517
219;18,883453256248306;226,12137993111043;-44,61679962062146;36,73959436982506;23,01583757551772
220;18,437174053253713;226,2047368776627;-62,551715080639156;24,729788807931282;1,232692779239315
221;19,078299465728133;225,94364890428005;-24,453621868147813;10,739872910372439;0,9646015541948767
222;18,879851875391598;225,7132804857463;-24,274451720720002;0,6634586668463505;0,10684419378017924
223;18,35825839420214;226,37057751386794;-54,160816596783114;5,056419773612944;1,3868697644636887
224;19,14421080948629;226,56206384054528;-7,4823559204764365;13,12565353538952;0,8584393420652888
225;18,296929962300243;226,61802942008092;-19,539675744231104;16,713727323952714;1,3891788716853324
226;18,236595765064692;226,0228826228215;-22,838710742045635;38,93875587859605;1,4950995062024617
227;18,466820138037676;225,79372436993614;-14,680762715054826;11,081707339677273;0,26045972505281734
228;18,243654094729244;226,63348266458772;-34,2464532612275;41,59988025915253;1,2788995436270099
229;18,50878460753309;226,22024211170697;-49,70552363195557;4,417635074114531;0,49400311038894074
230;18,905917820955104;226,11234783323025;-47,722193337383054;15,503755606268449;1,4239337748194845
231;18,99022568424254;225,77367287432313;-25,552249088497405;10,640504224331249;1,2276437926138846
232;18,58037759485737;226,09455208337818;-67,31120322073457;8,847085311521107;0,11767576942231249
233;18,289335433303705;226,6309246336011;-12,919172195699204;16,274184729290752;1,3110981556321877
234;18,83334831915388;226,2878412148407;-34,05743039037593;8,991427367408896;1,1447746458613746
235;18,265260324703526;226,58805823040962;-8,027953006432782;40,27687553225147;0,7065597780927972
236;18,231521358896575;226,46653021063662;-50,815110660881544;10,414321172065211;0,7020862480634451
237;18,973098035258875;226,55163472775092;-78,64565686906002;10,572461923103837;1,4206916378702714
238;18,704896562782796;226,16837157466105;-67,14936001723362;27,912297869370896;1,1045513767635589
239;18,167948143033303;225,77311785362141;-75,85443238267986;26,178417550852913;0,8445825502615988
240;18,935460751686445;226,20181677170848;-35,84939687165418;15,213199837612072;1,0648227395798238
241;18,629238568313895;225,90381202523744;-42,125801286926084;15,078215175927859;0,3259460502028717
242;19,137598382363805;226,48111005826806;-40,26889945543108;44,17893486623675;1,0695223248612742
243;18,35683640309115;226,06549669333072;-8,13081194446039;24,527239229832944;0,2577077250711771
244;18,279102134494803;225,76592981861205;-17,577789460264007;44,820817935274924;1,132340248092576
245;18,565343398027217;225,75881779812246;-71,399126234608;22,30126867299577;0,7404441694628501
246;18,41677011499982;226,0277489105367;-3,1292435098384885;39,81970041288052;1,464746895984283
247;18,37005163734997;226,20725365734634;-41,11590087229245;24,34010836707916;0,9795991708279105
248;19,068008767064583;225,88162970466337;-6,291428640301177;27,493061876350303;0,6332008897950051
249;18,536653781755685;226,60407222344384;-13,910675945268224;17,205578664114544;0,8813012104263097
250;18,75090431460834;225,93676300822654;-34,27073166234764;33,621232339279764;36,695917130136124
251;19,100192817847475;226,6934093113259;-69,46827747739474;25,967622658001805;0,9132225796082357
252;18,374618017073562;225,9001953796664;-72,99997561129234;24,823440467434263;1,2477491227502333
253;18,28321321939637;226,31390241223545;3,006552442268216;32,76811351241595;0,27037484800960343
254;18,19355412953646;226,53111360202158;-36,88405847678226;9,135061229333571;0,9572760051107276
255;18,769046694855657;226,6293795545958;-77,5135251059969;6,774275049791371;0,7574439124196822
256;19,02737473217014;226,01953293624788;-11,786084441154301;15,687759626444008;0,6153959092389296
257;18,88760394017035;226,44491168707324;-62,02824845297799;24,616655806474213;1,3684533029438288
258;18,31921641188266;225,78615232078155;-33,3781746307437;33,77757568831489;1,2487761088768032
259;18,902014058836894;226,09584979721205;-54,36776730648613;6,573203315325271;25,61913754712838
260;18,810086437181;226,46018564828688;-52,64862364757924;33,38953422464232;0,20485862352005907
261;18,446172840185987;225,91062456059615;-23,419867798371286;38,84513983705556;1,2434649822231516
262;19,123664969302034;226,68193968292982;3,7816676938132474;14,618201175892882;0,1926559436978168
263;18,995439831965694;226,46398029307755;-34,57551300476114;21,800936941147327;1,209742774450308
264;18,192932752534063;226,04291214876125;5,513687995941936;25,987406688091195;0,6305370971867552
265;18,225286477493373;226,39777455232945;3,0168556218276024;28,773108721004714;0,9054620284511746
266;18,797730047560535;226,37534296832854;-11,4698978638732;37,4183669675317;0,6753607415365916
267;18,84672043871886;225,94263124531378;-23,159317902142533;40,76447750987729;41,09171120705647
268;18,887571463622;226,27715598436757;-20,832948652835505;1,3334500946264445;0,3797076158004904
269;18,447868480267598;226,24495991375332;-42,825614870144136;12,572781251318585;0,17077516742435647
270;19,12716943120019;226,03748881416533;-15,682363783256477;41,11379254258668;0,9876162431378377
271;18,95280937468426;226,57509105386308;8,698486114852841;13,751958437581727;0,11077756544478352
272;18,288171499592238;226,51282109170066;-21,453956104932374;8,880492119175317;1,4535954365672221
273;18,633069594836975;226,15113559217488;-46,43799167800915;12,104888987232187;0,5561674743836446
274;18,889870099503767;226,38344841334373;-21,21559542053854;30,649141037893692;1,4024964876212869
275;18,760700847397192;226,32376363817266;8,801399913725433;43,782818229669935;1,1568498730298906
276;18,355688491488017;226,14801972184603;-60,78428477014975;20,45909693774802;0,8382231990063617
277;18,279833508073672;226,59682766355232;-36,65962449325131;33,024443041665286;0,9204338585554521
278;18,43743313751412;226,47615400709236;-78,77271453725525;30,932903221570676;0,5021617661750759
279;19,075621953422246;226,03226431813133;-21,197858214163816;18,754897511175997;1,457417666442927
280;18,289905404507373;226,22864228428534;-4,347126695408974;10,374675951444235;1,0263031373071956
281;18,485343286492295;226,27121167077667;-12,049403253979946;14,34810492731982;0,5050140358063242
282;19,14594699433338;226,5395139130488;-45,60443815740964;6,278398103622504;0,8889731842268817
283;18,206384984130885;226,46111650805224;-17,09013221934614;12,435790657895115;0,6993471678616087
284;18,36112647547491;226,43801349901656;-9,637513630686868;27,039686305712216;0,6208840025291561
285;18,468313435566365;226,63899554043448;-38,61960538906983;10,974875161109882;0,41369847689955974
286;18,64884761052771;225,7321189275128;-48,086692393381796;43,32683118131299;0,4149437469485484
287;18,43718225080083;225,77758177878243;0,47630037638886336;9,854031360002736;0,16756799009251822
288;18,743941758178035;226,62929465711977;-77,79843640980997;21,884590114427564;1,4576822089664094
289;18,250540987372776;225,93499927359616;7,272633152821541;11,414318816597202;0,8197266624659131
290;18,559755119018774;226,24298519038075;-38,02367038224769;35,02397156948695;0,30146613635306474
291;19,143602867581716;226,4076521317019;-23,32878744642121;15,62053960560689;0,19012907694429626
292;18,94958555255962;225,79439487686352;-33,04969647854807;37,981684999132376;0,23472295851556063
293;18,7442956904325;226,5599583803217;-33,89414691798235;37,79798859702598;0,8775116082335793
294;18,23275495689729;226,28477730654558;-58,84106173996956;23,018253348668797;1,2506018923822493
295;18,160010252471615;226,59197977959803;-27,24402045403194;16,994498277114776;1,4898248845340591
296;18,521003970645392;226,18314934534183;-36,51184814020288;21,13329951098196;1,356116039286349
297;19,037999089196944;226,0632617745613;-59,594272047640466;32,15656616927162;0,9430097197937747
298;18,16139252224567;226,35519404422905;-33,85663630106523;40,50225866075798;0,30484657247032587
299;18,95156987337018;226,21927871857864;-1,639384815344485;20,409599469518216;0,9073201143681241
300;18,683443520806208;225,97599293066708;-67,69015724319428;12,361246036587808;25,888638784944817
301;18,57710619783665;225,9839541681544;-14,055808978667315;16,277815708694245;1,4904878589601274
302;18,325261218858895;226,59773901300366;-71,7980271990759;37,158364509815414;0,4476367860010426
303;18,21799055570666;225,82809351276777;-64,5566993905546;11,250127299117262;0,6835973481007634
304;18,368395460754158;226,3942169422774;-3,8621829762418116;19,837958647081326;0,20178188101941955
305;18,52074069125445;225,93465784740437;-68,99193286378758;33,754534797625105;0,5253778811503265
306;18,463979532084632;226,25650996889604;-62,73983433547836;3,9571314042865406;0,9736157035684676
307;19,125347957029213;226,17737596784016;-52,12695574431349;31,630936366364946;0,4916421763633261
308;19,00755274537484;225,7240833291819;-37,54289378229769;16,48044550667548;1,0901869308055763
309;18,216645541282084;226,30127387248805;-32,21504361225914;42,09979092982589;0,3935211931559348
310;18,32518294040765;225,84179272079777;8,841150925833446;27,86524254264385;1,2781488936372625
311;18,961712841133398;225,94789391589094;-49,86036717587692;41,966191056693816;1,2752944047102681
312;18,945281439318936;225,7911885580092;-70,99525743631385;6,026073193861915;1,2405213372154629
313;19,014479895064753;225,96954191261554;-21,893206161700427;27,052015909921277;0,27614326580671394
314;19,043704849828924;226,02664755087366;-17,71350711708817;26,850458076587316;1,310746930065974
315;18,628683867836163;226,1770530623045;-25,50335531926082;15,642256623168466;1,466689737665698
316;18,56343387524206;226,54122497827277;0,16361724696145075;40,34117172131637;1,3644457908673473
317;18,78165001459646;226,02457375073502;-79,20624537617097;7,645033201962648;51,418877973556874
318;18,46932547243673;226,01344014837264;-64,87653571951432;25,32417910990921;0,36991513946504473
319;18,304596779862823;226,2207208850698;-9,100373066034777;24,968532356447117;0,6258766875531772
320;18,76520623427894;226,2747902053141;-18,366219048364556;10,476682805841868;0,9572968793844436
321;18,294584352375367;226,61648317008044;-71,2214137257237;27,14710694935602;1,4019969895894269
322;18,962030944168525;226,14642779786536;-74,23418660120173;1,3178375248562724;0,8611756896834993
323;18,89812686405477;226,10906785573425;-35,773054053297244;4,029835430970074;20,16440820360294
324;18,840555529817628;226,40601908888092;4,972834423450195;30,033421219267012;1,059601557517228
325;18,82532604583604;226,24564576167413;-22,6975171825654;44,45157273537792;0,5514256834272176
326;18,841174655139685;226,34076747291462;-46,27827915477375;38,75910542932736;0,8087051852885281
327;18,281559680682374;226,42188006353922;-58,57345286499296;9,05111931732311;0,8169107104249975
328;19,064118187747912;226,06720623013456;-63,46235529165206;17,833700828564602;1,0045354494278635
329;18,95398482582651;226,60500404666237;-52,92574615054911;9,272852887280987;1,2136468100260458
330;18,918641234187685;226,6269191764964;-46,596906124592905;25,686115432499783;1,164684671070847
331;18,645303125339886;226,40863569903235;-56,82470741492648;44,8325157389303;0,9078131416902665
332;18,52878536259738;225,91066050424175;-29,854233277141788;17,45053339658777;1,2765265637790346
333;18,501024116623093;226,45828259826038;-15,894967989100508;38,03865678420125;0,38410375285803533
334;18,433204335658136;226,0161036184926;-16,032358735699802;36,160374214733466;0,7770666999255845
335;18,512685777842492;226,37188873614318;-4,955634395357535;42,6370049191198;0,41583201014248206
336;18,670198714507464;225,88010815397791;0,06567176044515577;26,412043776026263;1,14697572038722
337;18,35372866194875;226,1100650310904;-15,090843331495122;4,7735233186524715;0,8333996600370878
338;19,04398154918759;226,41789593948735;-69,80291518438413;2,872654450262213;0,21413955608070412
339;18,276673708392295;225,8614761507288;-25,08425245851607;34,24272246769359;1,3802680912022336
340;18,58657748470047;226,61016630730987;-16,578537905318072;35,31010366410839;0,7526418347065421
341;18,83539601583983;225,81472942334975;-44,17576645021749;0,15500826320779426;0,7164511622437332
342;18,178155576943464;225,9731906165805;-65,72959720467665;25,80608872960519;1,1077099650286972
343;19,08861065189134;226,10696997085887;-21,05235997789635;16,99216225266643;1,214127976170669
344;18,559218119342276;226,41738454365586;-8,46651444355976;41,82301879211326;1,334109612557448
345;18,833592793594843;226,09824885689025;-55,6488638383579;39,04189842428299;31,7656266209078
346;18,508671866470603;226,57465701142425;-11,30262430588229;0,46724914945774687;0,4923278664390839
347;18,642583705471885;226,59507715559812;-78,51588234288516;28,781282496373965;1,4564519617536005
348;18,3176610091827;226,63303191581218;-70,44783852266966;33,903025286002595;1,1213394570166386
349;18,716787202262083;225,73696471756608;-29,03104548589713;3,785435089522297;1,3112220216589368
350;18,58479178225676;225,9597746228594;-47,970323640799144;10,474679870132643;0,41668658672395553
351;18,150244747680066;225,8096143131278;-73,71238814666387;2,8193834819209758;0,15640025911433592
352;18,64589434466681;226,13063545477084;-50,06879173871464;27,346465827368657;0,25706826824466245
353;18,87424990015097;225,77289470518667;-17,589678111363447;1,8201646907910474;1,1444035916695467
354;18,635707914812283;226,52245657687504;-30,236468560015844;24,621767072222656;0,34253312491941135
355;18,288549342559964;226,51958019349522;-47,71757664836317;29,86624434777646;0,8007567333605031
356;18,227540351360645;226,29025541619194;3,276412005535434;36,251632105549106;1,2173496435517068
357;18,87050378965953;226,08964068371972;-30,374960746011297;35,91708125352887;29,206545402870738
358;18,58457337812409;225,79780221791202;0,3439092116261264;37,39385209967859;1,3561078160830586
359;18,263905776059264;225,73076285449332;-44,2380627986391;29,906308534165706;0,9068182305845175
360;18,790730581637582;226,18145963610974;-57,002865147205355;29,04110048844628;0,8744342251448324
361;18,627224288827573;225,8725167289919;7,113842814916168;19,904285957353657;0,15475022947036143
362;18,757986448480438;226,48659898233018;-49,10646373462055;44,54301798610676;0,7259109063335049
363;18,854938335732662;226,4891895251149;3,428342700010276;35,308800931724704;0,45527377140289804
364;18,52852189378681;226,01920894410554;-79,97002500215778;23,711022396540873;1,1509176096347287
365;18,88739104334129;226,4169552430953;-61,522500594027434;7,80766788728308;0,23450989550763937
366;19,054766248453262;226,1295186240524;-17,293929110617697;41,3744427165555;0,4711164341765667
367;18,926281601781294;225,96160400536812;-57,3379968607331;4,359672892104871;25,390176589402795
368;18,336132410300994;226,2889712143694;-35,177847786785954;36,561219367741245;1,4022202438934945
369;18,296644949381335;225,79574422283756;-4,7001738982295365;27,870842467397487;0,8433037267037037
370;19,046276576142848;226,51580108199343;-41,229073649174246;44,52606641951984;0,39785332660334083
371;18,355564911122926;226,08072159855269;-36,78266806801271;16,510389405035774;1,2111510858538324
372;18,254221184802827;226,24559761766892;6,8466890194410865;7,109473049959903;0,6115316416474739
373;18,645283650582087;226,4754963614298;-56,073509888413795;18,827321923710503;0,3781859820801803
374;18,210404640052754;226,00495296444208;-5,062942382469743;7,03885511097932;1,2784737079374116
375;18,289641638575777;226,34689389770384;-22,822674502867265;1,3958242315581315;0,8377547165004808
376;18,385760219905823;225,93018174839924;-10,266347982036336;14,954921938511948;0,7627023593662836
377;18,459056512213078;226,3531717829369;7,343249379731148;21,14787794716641;0,3571313492222512
378;18,879783368647683;226,2128193600904;8,170618749244298;28,275173268404796;1,1027094902028416
379;18,679533576554412;226,59647245497916;-64,755848144255;44,105857189692294;1,26396910168239
380;18,502246176172218;225,96858282251628;-60,81856458414157;17,921267047381;1,2563102406037094
381;18,662102075955147;226,2368402043111;-52,93226524309635;12,876368797708858;1,3989779989118631
382;18,979920947634035;226,42834496822286;-66,9112674863616;15,548678058536243;0,46316977173832696
383;18,2972641923808;226,00155720652808;-48,2259958851796;27,992420893097826;0,935595027749838
384;18,917124542081222;226,2301763450604;-52,67342555830696;22,778766370715175;1,4063119746627484
385;18,187017302806908;226,33576801787115;-31,000370109868634;3,309572640427212;0,5602722152750034
386;18,194850526902464;226,54926335780385;4,883934337519591;43,754631027442926;0,8568056763033344
387;18,81507813781737;225,89731872001258;-59,433433430608346;4,11786900038346;29,759810397958322
388;18,554933960248746;225,7206119319408;-73,49441904203698;19,00991629412859;0,373536089606175
389;18,452958571125954;226,03135556434322;-66,3519220070095;16,83429338696477;1,0706664519910996
390;18,745555244887168;225,80059747096652;-47,55478626921693;41,411923435592094;0,5457927545194574
391;18,291798798415424;226,67171193008554;-66,457943964758;8,05146659087165;0,6774577692453536
392;18,935795704162132;226,3893331164438;-71,52926567286003;10,152349437662936;0,43522778144109797
393;18,66063282147586;225,78621500810644;-6,705178679999662;25,8607204672778;1,3382879199914242
394;19,10360186047657;226,1240967495924;-74,43910578883596;11,789584405927814;0,6939182721173475
395;19,144902344420654;226,23984259525224;-11,813241694202475;27,278311296841874;1,2446602423166502
396;18,685578792114274;226,4141693913237;-45,00605566906816;5,29642686244377;0,3439983979263338
397;18,750843761952286;225,9985316484612;3,772394281797432;8,182443304816495;46,98267937024265
398;18,25461801274196;225,7457631190609;-21,43762547075564;24,539693404425638;0,3343247159570947
399;18,701194468261377;226,47500945978686;-61,427394467283456;0,9886669938510184;1,2662552574310932
400;18,585111151062097;225,9973988356859;-67,72217902556704;10,061668153471329;1,289370040428192
401;18,94290447288946;225,9414906037669;-72,47209747899772;31,41679009289506;0,2653217356009373
402;18,384056410228418;226,095366265393;-57,608742180907655;28,801033826386977;1,3681431615164037
403;18,498916353085164;225,9236457336804;-15,815662044527102;15,882613097294417;1,4464562921493347
404;19,01772280178839;226,057536003114;-63,42351838045043;35,38607471172929;0,49884661455179535
405;18,56666579882103;226,2813146724113;-10,956338905993888;31,090341073341545;1,2779782896005762
406;18,65111658442356;225,77817914363976;-18,54973334410635;23,558852254187258;0,9547698226854654
407;18,242110890791054;226,49657193096843;-43,947979711426996;1,1290233003280192;0,15860382640620369
408;18,775830650718042;225,7965968572693;-53,907247488694566;1,4078809744024783;0,22651683864322353
409;18,7272693110216;226,6759437781542;-1,5936433112626105;2,3331819234002604;0,7816651140274892
410;19,109928686784894;226,51283353661586;-34,482012203596504;4,63865084818482;1,473455646117
411;18,883083581678733;225,939740914714;9,822907534820061;22,84218914502037;31,522837588244265
412;18,825295882301827;226,65765101618265;-28,830405655492676;36,24610381278831;0,2830152051088366
413;18,345780513807078;225,78802508588342;-61,23205799819997;12,171012475987895;0,7055995464741106
414;18,482253580810777;226,04458064429437;-52,78868737671556;44,62782711579129;1,259481286751178
415;18,921096068236842;226,18383709494702;-42,11692365765151;28,894043256836444;0,4650206597782838
416;18,546940606817284;226,57399962095175;-51,433911826239246;6,035237825725561;1,1358527719454514
417;19,09827438870069;226,27529190129877;-16,495430952614853;16,567798380291418;1,4235964300103183
418;18,210664385620852;225,81302235826686;-7,871175792512133;27,528255272955764;0,3263234642659235
419;19,105677849423603;226,64322221989562;-20,35774937525673;25,076322454511153;1,0882269364203148
420;18,561105262019296;225,83473027382226;9,02211168774339;0,10851856665141268;0,602799183459893
421;18,60765979168225;226,3420198319745;-11,412680313748737;11,343025612620249;1,4339356047923906
422;18,572602711854866;226,32779938231167;-53,72975998642543;27,041828077771125;1,1777661759576608
423;18,911255166567432;226,31934218142865;-70,4178510332905;3,280606718607919;1,2912469390031827
424;18,635783954840957;225,8094079065509;-15,362984967026833;10,135824526921343;1,1055028416554358
425;19,02135439821085;226,67323588656612;-8,78858878812082;27,430733799356048;1,2327797381746695
426;18,808643328953067;226,2325445204011;-1,993204582958029;3,6663654017640726;1,0119476090427046
427;18,593408142861048;225,95720342329642;-78,15196354195002;22,405825484235326;0,6221025075686155
428;18,82186830404113;226,54998714368116;-62,5601314502092;24,189450572667024;0,5639720578407069
429;18,774595432102792;226,44603684577098;-67,37515187580381;5,8637582228131855;1,3009302158059255
430;18,815854526754347;226,42491024500495;-45,693198292725356;8,13857683042001;0,9169337778178074
431;18,278473095563626;226,68692572170508;-5,676598727240432;16,00443008574927;1,162636417678319
432;18,822004091779352;226,64073882349078;-9,20246272490266;6,906000251802018;0,5080260402421185
433;18,35716876372972;226,21674952281845;-78,30334286069255;13,198414494622572;0,9591773755817548
434;18,43982166363038;226,6325963649954;-31,359482120144804;41,32586863658597;1,0165526468599797
435;18,247257157359844;226,57059147098232;-33,41464243914909;8,214603192316549;1,284264785382176
436;18,89502508563957;226,23622112470636;-10,065142859322933;38,31507900700499;1,0936526530932777
437;18,751460137137798;226,60563510244097;-49,258167325426;14,249390240447074;1,3626893857263347
438;18,21751974280388;226,68454184039626;-32,32582069143746;26,95499458588809;0,5054992510999854
439;18,907304763436226;226,02027499347292;-2,884879666048164;33,170138665240735;31,07861382602102
440;18,22809541067459;226,0023577912318;-63,86767161553041;36,30240239943251;0,6986049267701082
441;19,127787492893276;225,78157902074452;-9,006304426509047;38,924402677522004;0,5099704262386322
442;18,18100830839622;226,25198439097503;-6,195968703906175;14,322538566378066;1,235419646325315
443;18,52516821937196;226,01367745399534;5,585692231654093;43,46747282524294;0,6632233303481486
444;18,71456144794226;225,85408618199878;-31,44923141546287;35,83371389203141;0,19876644781627112
445;18,779644231002464;226,69726410377396;-13,105096637794517;37,09480001262508;1,4047265579679418
446;19,0278416826584;225,99653620849205;-25,190199705020852;38,91992065097895;0,887320327606033
447;18,375840675109288;226,6999257045342;-48,827999386680375;39,8902313782653;1,167622132061859
448;18,21220899655127;225,7687606788344;-74,47686781719788;15,198730713669372;0,23622455373923576
449;18,88232966153654;225,80499089859956;-15,226648528912492;31,122261086837593;0,33765444868687955
450;18,815791069847734;226,6138499342783;-3,996684214531797;22,498744551275035;1,049641600128751
451;18,503073657102025;226,42922236534596;-12,285474243853713;40,0358682899539;0,7028980126856538
452;18,649190996213946;226,25232428239426;-59,28338858645768;34,609309311261754;0,9745291235483393
453;18,610790179934988;225,97310565501465;-48,021120866621615;32,181809254475496;0,36805759437341157
454;18,98339485093104;226,27930739009923;-62,10957025547809;5,953232911229688;0,5612993597382857
455;19,090176608415614;226,63279213070956;-57,32492037642518;38,23973241272155;0,5655827735993503
456;18,645158737369005;226,25215298965162;-40,43593417585248;20,087888846392133;1,272347335468662
457;18,6198105050309;226,28494630356056;-1,7205694219388192;0,4559805831280045;1,037280409633843
458;18,794786273407066;226,22424073648776;-30,816574134058513;38,34676051141182;1,2897135184556525
459;18,415601758541193;226,1813605817186;4,4352724621294755;4,453660252009646;0,35910088044949495
460;18,396500892978686;225,93263350595564;-3,899988422555424;5,879502755359335;1,112991518530351
461;19,081235629934334;225,91240314369293;-70,53743531462851;33,55107548033441;1,2428087124365903
462;18,869938080602154;226,5247286547528;-22,87711495691643;23,228684802152888;0,9654486143626084
463;18,64829881915673;226,06703285190585;-73,9477113109252;23,54542189213891;1,2492966327684007
464;19,023704077424384;226,1640750463853;-50,43089122951223;4,547715286250557;1,3982733114764625
465;18,514555075320466;226,11058553578985;5,962925959249176;17,737969484747648;0,2540165813336438
466;18,372892296001925;225,7830222247798;-32,92940509380825;40,70544124013423;0,2705864229693311
467;18,681139913608035;226,5751256176042;-14,688700747157526;43,92023976155513;1,4974943595075683
468;18,47673078889878;226,39523370647444;-55,26729063175565;0,8844433144577191;0,6070225567046134
469;18,30962550670831;226,46502105300263;-7,549888865911967;36,37976619510401;1,2894242300191576
470;18,893908038124742;226,58843460014148;-67,37416108892015;8,184085188699367;0,4358985254049029
471;18,61224539932559;226,2529303856205;-76,43415508025873;32,53630410041788;0,5976684558140862
472;19,046327330892733;226,23432661784432;-29,954662148273854;33,19860069497101;0,6522898961304632
473;18,39158191945856;226,6422468515784;4,80822743684584;22,830441152187685;0,2679880280557778
474;18,91416582171575;225,92617346246786;-47,21997966461689;42,253970611865284;24,04321157769122
475;18,8468227842263;226,1574651079116;-61,387277798243595;23,33082682332562;0,8437826514326768
476;18,841393553980527;226,61480433564324;-70,86183954395251;17,24690373828491;1,3999381477170534
477;18,694717847805233;225,88725347848774;1,2514440040227015;39,655342079003816;0,6282941090950915
478;19,05939295054405;226,42812145519216;-31,13814485200392;24,43823171940906;0,4556044845461452
479;18,986431492058053;226,30393607662634;-42,51499196515578;34,57966806931182;1,487707616555711
480;18,948493214402703;226,37036615891307;-73,24424817677566;40,420052045644915;1,37370624774038
481;18,955039994380535;225,77030747729572;-10,456402034349424;16,881765163160306;0,9010045718584241
482;18,569627403211868;226,41805038369768;-72,09554361377039;6,855006901276959;1,1076493690917482
483;18,988033625534435;226,540285267307;-60,86034900951299;3,280591685953223;0,5282688268639757
484;18,979142863425295;226,20095833633349;-62,18401040850759;32,71419886337922;0,5330681482471914
485;18,89754534096503;226,05397559797254;-2,2118543174023984;25,107887937097047;32,85166407783054
486;18,705141046039618;225,88009736229458;-55,26320083590947;24,042682048494086;1,0695311007855077
487;18,562947122956267;225,86781717279666;4,839042762337783;13,48989742537883;1,1471881803097663
488;18,171244061491187;225,88413926002303;-64,3275754634276;5,126344709962457;0,5398387356494326
489;18,27928784287131;226,38104559657853;-79,20045115102734;7,677293545209279;1,4794293160570204
490;18,76721957518954;226,6897608346593;-63,28647363737413;9,446395306296663;0,9257052157742768
491;18,40289920217031;225,8589258305391;5,690677449408227;30,406480374493103;0,2555430219078605
492;18,313972403046392;226,11078586537417;-52,69508317865228;35,45565645662424;1,1932414394716881
493;18,363184906379463;226,52033286868624;0,1638510000056641;26,521122319141263;0,5557459082590042
494;18,928156939675567;225,75295145900128;9,180684318508028;2,571320569167488;0,5284285781880246
495;18,39453975211797;226,2956445528469;7,242279876481092;25,671715488538148;0,4771502819902206
496;18,927799175257118;226,4830321126272;-69,60569709314119;29,295371659337537;0,11277656893601928
497;18,98649279223802;226,5188698621546;-54,73481057583113;17,506575771797383;0,8154301379163741
498;18,703012166731884;226,5692360256882;-6,934447715943449;17,638295239185194;0,30487855314830237
499;18,367234597881254;226,51996128499323;-63,01097574823855;21,438380121381414;0,3375744153827671
500;18,36410413620495;226,67464575701348;-17,305924496491755;42,699523786830504;0,71354956351038
